PatientID,FirstName,MiddleInitial,LastName,Address_Line1,Address_Line2,ZipCode,Phone_Home,Phone_Alternate,Email
1,Simon,K,Peter,2973 Lincoln Street,Apt. 15A,24501,(434) 246-6143,NULL,SimonKPeter@rhyta.com
2,James,NULL,Greater,2074 Owen Lake Road,NULL,24562,(434) 243-1357,NULL,NULL
3,John,L,Nathan,976 Stroop Hill Road,NULL,24561,(540) 161-3517,NULL,JohnLNathan@rhyta.com
4,Andrew,NULL,Pop,1557 Crowfield Road,NULL,24562,(434) 161-6787,NULL,NULL
5,Philip,NULL,Beth,2689 Woodridge Lane,NULL,24503,(434) 362-4963,(434) 827-4514,NULL
6,Thomas,NULL,Didymus,377 Midway Road,Suite 143,24502,(434) 359-5268,(434) 584-3251,NULL
7,Bartholomew,S,Nathaniel,4383 Walt Nuzum Farm Road,NULL,24501,(434) 737-5689,(434) 896-4489,BartholomewSNathaniel@rhyta.com
8,Matthew,G,Levi,282 Gerald L. Bates Drive,NULL,24562,(434) 188-6821,(434) 463-5965,MatthewGLevi@armyspy.com
9,James,H,Alphaeus,2144 Todds Lane,NULL,24551,(434) 861-4668,(434) 286-5715,JamesHAlphaeus@teleworm.us
10,Simon,NULL,Zealot,249 Aaron Smith Drive,NULL,24550,(540) 826-4958,NULL,NULL
11,Thaddaeus,NULL,Lebbaeus,870 Bird Spring Lane,NULL,24503,(434) 217-4494,(434) 899-7322,NULL
12,Judas,M,Iscariot,1557 Farland Avenue,NULL,78229,(434) 331-2973,NULL,JudasMIscariot@rhyta.com
13,Aaron,M,Lofer,4057 Fannie Street,NULL,24561,(540) 737-2434,(540) 559-6584,AaronMLofer@dayrep.com
14,Moses,L,Ramser,4682 Ritter Avenue,NULL,24550,(540) 992-5999,(540) 178-4559,MosesLRamser@dayrep.com
15,Abednego,NULL,Nebo,3588 Cooks Mine Road,NULL,24502,(434) 222-6428,(434) 159-2495,AbednegoJNebo@armyspa.com
16,Jacob,NULL,Smalls,253 Oak Lane,NULL,24562,(434) 713-4376,(434) 648-7435,NULL
17,Jean,NULL,Ericssson,241 Sycamore Grove,NULL,24551,(434) 392-7961,(434) 395-6914,NULL
18,Gerald,NULL,Madison,4455 Grove Mill Rd.,NULL,24550,(540) 983-5342,NULL,Gerald.Madison@gmail.com
19,Opra,NULL,Lincoln,4321 E. Cumberland Rd.,NULL,24503,(434) 269-5152,(434) 323-7636,Opra.Lincoln@gmail.com
20,Dinah,NULL,Washington,4319 W. Main St.,NULL,78229,(434) 295-6541,NULL,Dinah.Washington@gmail.com
21,Hannah,NULL,Thomas,47500 Elm Street,NULL,24561,(540) 257-2586,NULL,NULL
22,Heather,NULL,Jefferson,693 Hope Rd.,NULL,24550,(540) 198-1382,NULL,NULL
23,Craig,NULL,Cooper,1336 Thompson Lane,NULL,24502,(434) 392-1876,NULL,NULL
24,Daniel,NULL,Potts,4528 Brookstone Lane,NULL,24501,(434) 549-2352,(434) 359-7193,Daniel.Potts@gmail.com
25,Jill,NULL,Overstreet,4774 Rocky Branch Rd.,NULL,24562,(434) 971-4317,(434) 279-8143,Jill.Overstreet@gmail.com
26,Hope,NULL,Tucker,47 Peyton Place,NULL,24561,(540) 454-7652,(540) 198-9724,Hope.Tucker@gmail.com
27,Faith,NULL,Shaneck,54 Sweeney Circle,NULL,24562,(434) 714-7698,NULL,Faith.Shaneck@gmail.com
28,Joy,NULL,Petit,5869 Bateman Bridge Rd.,NULL,24503,(434) 145-7657,(434) 667-8468,Joy.Petit@gmail.com
29,Linda,NULL,Holms,587 Thomas Jefferson Rd.,NULL,24502,(434) 289-3341,(434) 693-5956,Linda.Holms@gmail.com
30,Melissa,NULL,Holt,458 Waterlick Rd.,NULL,24501,(434) 276-1859,NULL,Melissa.Holt@gmail.com
31,Samantha,NULL,Sones,89 Timberlake Rd.,NULL,24503,(434) 474-3247,NULL,Samantha.Sones@gmail.com
32,Stephen,NULL,Sanders,110 Lakeside Drive,NULL,24502,(434) 355-6639,(434) 175-4946,Stephen.Sanders@gmail.com
33,Trever,NULL,Simpson,458 Brookstone Mill Rd.,NULL,24501,(434) 457-6512,NULL,Trever.Simpson@gmail.com
34,Charles,NULL,Yates,855 Plum Branch Rd.,NULL,24562,(434) 645-3115,(434) 954-7772,Charles.Yates@gmail.com
35,Brian,NULL,Bateman,859 Deer Run,NULL,24551,(434) 376-8596,(434) 668-5774,Brian.Bateman@gmail.com
36,Jeff,NULL,Pyle,698 Plum Branch Rd.,NULL,24550,(540) 625-5119,(540) 263-8745,Jeff.Pyle@gmail.com
37,Joan,NULL,Thornton,569 Booth Road,NULL,24503,(434) 456-7118,NULL,Joan.Thornton@gmail.com
38,Theresa,NULL,Thorn,456 East 49th St.,P.O. Box 1433,78229,(434) 295-3578,(434) 766-4863,NULL
39,Tom,NULL,Lambert,458 Park Place,NULL,24503,(434) 389-2429,(434) 878-8235,Tom.Lambert@gmail.com
40,Alex,NULL,Grayson,569 Reading Lane,NULL,24502,(434) 888-2447,NULL,Alex.Grayson@gmail.com
41,Jon,NULL,Burress,8589 Pollock Ave.,NULL,24501,(434) 431-4123,NULL,Jon.Burress@gmail.com
42,Bonnie,NULL,Hopkins,45687 Pennsylvania St.,NULL,24562,(434) 985-9161,(434) 837-6768,NULL
43,Alfred,NULL,Fontaine,5468 12th Street,NULL,24551,(434) 825-9373,NULL,Alfred.Fontaine@gmail.com
44,Fred,NULL,Bray,4568 Forbidden Lane,NULL,24550,(540) 354-7896,NULL,Fred.Bray@gmail.com
45,Murray,NULL,Bolt,"6548 Oakley Ave,",NULL,24503,(434) 786-7628,(434) 128-4762,Murray.Bolt@gmail.com
46,Evelyn,NULL,Burgess,698 Forks Crossing,NULL,78229,(434) 748-5554,(434) 973-8771,Evelyn.Burgess@gmail.com
47,Mildred,NULL,McDowell,4567 River Road,NULL,24561,(540) 142-3689,NULL,NULL
48,Peggy,NULL,Thompson,8468 Daisy Circle,Apt. 6654,24550,(540) 732-2641,(540) 594-5376,Peggy.Thompson@gmail.com
49,Crockett,NULL,Jones,6547 Lamp Rd.,NULL,24502,(434) 777-3272,(434) 386-8947,Crockett.Jones@gmail.com
50,Richard,NULL,Miller,8796 Desk Drive,NULL,24501,(434) 182-4532,(434) 292-9179,Richard.Miller@gmail.com
51,Randall,NULL,Mason,87458 Glass Lane,NULL,24562,(434) 775-7383,NULL,Randall.Mason@gmail.com
52,Michael,NULL,Crankshaw,87986 Edison Ave.,NULL,24561,(540) 125-2269,NULL,NULL
53,Karen,NULL,Hobbs,6548 Einstien Crossing,P.O. Box 7775,24562,(434) 656-1779,(434) 349-5956,Karen.Hobbs@gmail.com
54,Scott,NULL,Hudson,87654 Lucky Lane,NULL,24503,(434) 723-3829,NULL,Scott.Hudson@gmail.com
55,Emily,NULL,Larson,56487 Lee Highway,NULL,24502,(434) 698-1681,NULL,Emily.Larson@gmail.com
56,Juliana,NULL,Dobbins,6548 Concord Turnpike,NULL,24501,(434) 564-4677,(434) 151-9599,Juliana.Dobbins@gmail.com
57,Dylan,NULL,Phillips,86879 Timberlake Rd.,NULL,24561,(540) 531-1234,NULL,Dylan.Phillips@gmail.com
58,Laura,NULL,Brooks,6548 New Jersey Turnpike,Apt. 2,24550,(540) 454-8529,(540) 635-1335,NULL
59,Laurie,NULL,Bradley,6874 Asotria Ave,NULL,24502,(434) 534-4745,(434) 296-9852,Laurie.Bradley@gmail.com
60,Jamees,NULL,Bradey,6547 East 54th St.,NULL,24501,(434) 362-6891,NULL,Jamees.Bradey@gmail.com
61,William,NULL,Lowe,658 8th Ave.,NULL,24562,(434) 936-2132,NULL,William.Lowe@gmail.com
62,Sharon,NULL,Williams,65467 Main St.,NULL,24561,(540) 923-7952,(540) 173-9226,Sharon.Williams@gmail.com
63,Cassandra,NULL,Ward,6548 Madison Sq. Garden,NULL,24562,(434) 453-1619,(434) 716-7959,NULL
64,Ramon,NULL,Buenas,6548 Plymoth Rd.,NULL,24503,(434) 319-9423,(434) 651-6578,NULL
65,Rachel,NULL,Hopkins,98796 Boston Drive,NULL,24502,(434) 685-3345,(434) 951-6587,Rachel.Hopkins@gmail.com
66,Ricardo,NULL,Macon,65498 Harbor Lane,NULL,24501,(434) 387-5986,(434) 497-7641,Ricardo.Macon@gmail.com
67,Sandra,NULL,Hill,9871 East Trinity,NULL,24502,(434) 217-7849,NULL,Sandra.Hill@gmail.com
68,Susan,NULL,Delancy,98796 Three Forks Rd,NULL,24501,(434) 185-2916,(434) 538-8223,NULL
69,Sally,NULL,Susman,8756 Green Acres Lane,NULL,24562,(434) 262-6193,(434) 458-9131,Sally.Susman@gmail.com
70,Barney,NULL,Wellman,8765 New York Ave.,Apt. 32-7,24551,(434) 384-7271,NULL,NULL
71,Everette,NULL,Adams,876 Bobcat Lane,NULL,24550,(540) 756-6342,(540) 199-3294,Everette.Adams@gmail.com
72,Denise,NULL,Abrams,87516 Charlie Ave.,NULL,24503,(434) 132-6836,(434) 219-3265,Denise.Abrams@gmail.com
73,Barbara,NULL,Daniely,6548 David Place,NULL,24502,(434) 192-3382,(434) 338-4751,NULL
74,Wendy,NULL,Jackson,5468 Clay Poole Hill,NULL,24501,(434) 259-8848,(434) 587-5191,Wendy.Jackson@gmail.com
75,Brandon,NULL,Evans,1265 Sleepy Campus,NULL,24501,(434) 339-6684,NULL,Brandon.Evans@gmail.com
76,Jack,NULL,Watson,3970 Iron Wagon Highway,NULL,24562,(434) 385-7752,(434) 485-1383,Jack.Watson@gmail.com
77,Jean,NULL,Foster,650 Rustic Carrefour,NULL,24561,(540) 419-3673,NULL,Jean.Foster@gmail.com
78,Aaron,NULL,Morgan,3833 Emerald Goose Mews,NULL,24562,(434) 834-8885,(434) 843-6436,Aaron.Morgan@gmail.com
79,Joyce,NULL,Lopez,6737 Burning Front,NULL,24503,(434) 177-4947,NULL,NULL
80,Marie,NULL,Thomas,3754 Fallen Anchor Towers,NULL,24502,(434) 939-2527,NULL,Marie.Thomas@gmail.com
81,Terry,NULL,Hernandez,2861 Lazy Canyon,NULL,24501,(434) 166-6418,NULL,Terry.Hernandez@gmail.com
82,Pamela,NULL,Parker,8453 Misty River Bend,NULL,24562,(434) 596-3755,(434) 196-4333,Pamela.Parker@gmail.com
83,Melissa,NULL,Lee,9457 Red Cider Private,NULL,24551,(434) 168-7993,(434) 464-3783,Melissa.Lee@gmail.com
84,Jeremy,NULL,Cox,5746 Shady Crossing,NULL,24550,(540) 273-7244,NULL,NULL
85,Matthew,NULL,Jackson,3358 Hazy By-pass,NULL,24503,(434) 791-2667,(434) 945-1684,Matthew.Jackson@gmail.com
86,Ryan,NULL,Coleman,4118 Merry Crescent,NULL,78229,(434) 673-5876,(434) 212-7669,NULL
87,Mary,NULL,Jones,3179 Dewy Walk,NULL,24561,(540) 722-3838,(540) 326-6168,Mary.Jones@gmail.com
88,Irene,NULL,Johnson,8562 Foggy Meadow,NULL,24550,(540) 624-5349,NULL,Irene.Johnson@gmail.com
89,Stephen,NULL,Stewart,2264 Heather Promenade,NULL,24502,(434) 838-2647,(434) 632-2472,Stephen.Stewart@gmail.com
90,Alan,NULL,Adams,9206 Clear Vista,NULL,24562,(434) 151-2874,(434) 523-7582,Alan.Adams@gmail.com
91,Sharon,NULL,Collins,6338 Colonial Common,NULL,24551,(434) 852-2275,(434) 625-2233,NULL
92,Carlos,NULL,Barnes,2596 Crystal Chase,NULL,24550,(540) 624-3262,NULL,Carlos.Barnes@gmail.com
93,Louis,NULL,Cook,9333 Blue Butterfly Boulevard,NULL,24503,(434) 876-3288,(434) 532-4256,Louis.Cook@gmail.com
94,Julia,NULL,Roberts,2280 Lost Quail Mall ,NULL,78229,(434) 554-2387,(434) 796-2887,NULL
95,Amy,NULL,Sanchez,1188 Stony Fawn Townline,NULL,24561,(540) 712-1548,NULL,Amy.Sanchez@gmail.com
96,Deborah,NULL,Torres,7471 Easy Rabbit Inlet,NULL,24550,(540) 624-1743,(540) 777-1461,Deborah.Torres@gmail.com
97,Jerry,NULL,Henderson,6942 Thunder Maze,P.O. Box 617,24502,(434) 249-5862,(434) 966-6451,Jerry.Henderson@gmail.com
98,Cheryl,NULL,Gonzales,3314 Noble Hill,NULL,24501,(434) 848-6964,(434) 924-3469,Cheryl.Gonzales@gmail.com
99,Lawrence,NULL,White,1748 Tawny Forest Mount,NULL,24562,(434) 189-8878,NULL,Lawrence.White@gmail.com
100,Catherine,NULL,Gray,590 Grand Place,NULL,24561,(540) 133-7232,(540) 279-9797,NULL
101,Steve,NULL,Howard,9384 Cozy Trail,NULL,24562,(434) 533-5463,(434) 543-8868,Steve.Howard@gmail.com
102,Harold,NULL,Ramirez,9667 Wishing Falls,NULL,24503,(434) 147-5359,NULL,Harold.Ramirez@gmail.com
103,Charles,NULL,Clark,4254 Harvest Beacon Glade,NULL,24502,(434) 644-5856,(434) 253-4175,Charles.Clark@gmail.com
104,Doris,NULL,Rogers,506 Quaking Manor,NULL,24501,(434) 342-9641,(434) 987-8257,Doris.Rogers@gmail.com
105,Christine,NULL,Garcia,1587 Silver Loop,NULL,24503,(434) 277-7413,NULL,Christine.Garcia@gmail.com
106,Susan,NULL,Carter,46 Pleasant Crest,NULL,24502,(434) 152-6919,(434) 725-5129,Susan.Carter@gmail.com
107,Joe,NULL,Turner,2888 Broad Gate Knoll,NULL,24501,(434) 524-5395,NULL,NULL
108,Paula,NULL,Simmons,4911 Silent Oak Diversion,NULL,24562,(434) 892-3752,(434) 276-7336,Paula.Simmons@gmail.com
109,Victor,NULL,Scott,9071 Cotton Freeway,NULL,24551,(434) 915-7329,NULL,NULL
110,Barbara,NULL,Ross,8292 Round Lake Pathway,NULL,24550,(540) 798-9465,(540) 388-8575,NULL
111,Joseph,NULL,Murphy,3224 Cinder Ramp,NULL,24503,(434) 828-8468,(434) 478-9551,Joseph.Murphy@gmail.com
112,Linda,NULL,Flores,4308 Middle Pines,NULL,78229,(434) 284-4463,NULL,Linda.Flores@gmail.com
113,Jose,NULL,Smith,1689 Indian Pond Street,NULL,24503,(434) 864-6522,(434) 119-3971,Jose.Smith@gmail.com
114,Martin,NULL,Diaz,6565 Green Willow Route,NULL,24502,(434) 569-7818,NULL,Martin.Diaz@gmail.com
115,Mark,NULL,Alexander,6682 Old Abbey,NULL,24501,(434) 256-8499,(434) 613-3658,NULL
116,Nicholas,NULL,Richardson,8542 Velvet Prairie Port,NULL,24562,(434) 735-3937,(434) 987-7753,Nicholas.Richardson@gmail.com
117,Lori,NULL,Walker,1862 Umber Deer Passage,NULL,24551,(434) 223-8669,(434) 623-9383,NULL
118,Nancy,NULL,Brooks,8630 Rocky Villas,NULL,24550,(540) 454-8544,(540) 885-5948,NULL
119,Christopher,NULL,Butler,6440 Jagged Swale,NULL,24503,(434) 591-6611,NULL,Christopher.Butler@gmail.com
120,Brenda,NULL,Mitchell,2633 Golden Spring Heath,NULL,78229,(434) 385-1731,(434) 842-4382,NULL
121,Larry,NULL,Williams,8847 Gentle Cloud View,NULL,24561,(540) 383-6853,(540) 335-3279,Larry.Williams@gmail.com
122,Todd,NULL,Martin,5950 Bright Close,NULL,24550,(540) 569-3498,NULL,NULL
123,Sean,NULL,Hill,5321 Sunny Rise Dale,NULL,24502,(434) 139-9663,(434) 388-6297,Sean.Hill@gmail.com
124,Debra,NULL,Martinez,3957 Little Centre,NULL,24501,(434) 447-3378,NULL,Debra.Martinez@gmail.com
125,John,NULL,Perez,224 Foggy Berry Inlet,NULL,24562,(434) 487-9482,(434) 715-1126,John.Perez@gmail.com
126,Adam,NULL,Taylor,1741 Easy Barn Grounds,NULL,24561,(540) 613-6811,(540) 613-8699,Adam.Taylor@gmail.com
127,Patricia,NULL,Patterson,6623 Lost River Harbour,NULL,24562,(434) 424-2233,NULL,Patricia.Patterson@gmail.com
128,Albert,NULL,Gonzalez,9462 Heather Estates,NULL,24503,(434) 652-1689,(434) 647-1844,Albert.Gonzalez@gmail.com
129,Helen,NULL,James,8974 Middle Oak Parade,NULL,24502,(434) 554-5742,NULL,NULL
130,Walter,NULL,Sanders,744 Burning Heath,NULL,24501,(434) 823-1175,(434) 657-5137,NULL
131,Jennifer,NULL,Morris,4836 Sleepy Dale Moor,NULL,24561,(540) 273-7629,(540) 758-5175,Jennifer.Morris@gmail.com
132,William,NULL,Bailey,644 Indian Boulevard,Apt. 43,24550,(540) 241-2568,NULL,NULL
133,Kathy,NULL,Baker,3447 Cozy Lane,NULL,24502,(434) 368-7121,(434) 789-2722,Kathy.Baker@gmail.com
134,Willie,NULL,Wright,7683 Bright Hollow,NULL,24501,(434) 581-1695,NULL,Willie.Wright@gmail.com
135,Scott,NULL,Reed,4618 Merry Falls,NULL,24562,(434) 112-1584,(434) 581-3788,Scott.Reed@gmail.com
136,Kelly,NULL,Cooper,7637 High Heights,NULL,24561,(540) 894-1693,NULL,NULL
137,Angela,NULL,Allen,3536 Lazy Wynd,NULL,24562,(434) 234-3836,(434) 666-6758,NULL
138,Kathryn,NULL,Miller,7278 Hazy Circle,NULL,24503,(434) 553-1546,(434) 783-3169,NULL
139,Douglas,NULL,Moore,9556 Colonial Diversion,NULL,24502,(434) 826-9352,NULL,Douglas.Moore@gmail.com
140,Michael,NULL,Perry,6880 Broad Pointe,NULL,24501,(434) 481-9844,(434) 793-9538,Michael.Perry@gmail.com
141,Chris,NULL,Bell,5010 Dewy Fox Valley,NULL,24502,(434) 756-4384,(434) 934-1452,Chris.Bell@gmail.com
142,Fred,NULL,Washington,3006 Iron Nectar Impasse,NULL,24501,(434) 678-8695,(434) 188-2887,Fred.Washington@gmail.com
143,Jimmy,NULL,Davis,6280 Gentle Butterfly Thicket,NULL,24562,(434) 689-1489,(434) 179-6399,Jimmy.Davis@gmail.com
144,Joshua,NULL,Anderson,5146 Clear Creek End,NULL,24551,(434) 772-3528,(434) 556-2128,Joshua.Anderson@gmail.com
145,Henry,NULL,Robinson,3121 Umber Grove Passage,NULL,24550,(540) 434-1928,NULL,NULL
146,Joan,NULL,Hall,849 Dusty Woods,NULL,24503,(434) 977-3633,(434) 583-6188,Joan.Hall@gmail.com
147,Ruby,NULL,Wood,2706 Quaking Embers Byway,NULL,24502,(434) 581-7567,NULL,Ruby.Wood@gmail.com
148,Elizabeth,NULL,Campbell,7338 Cotton Via,NULL,24501,(434) 928-4651,(434) 244-2494,Elizabeth.Campbell@gmail.com
149,Nicole,NULL,Young,2005 Quiet Goose Landing,NULL,24501,(434) 841-7653,NULL,NULL
150,Theresa,NULL,Jenkins,1940 Thunder Elk Meadow,NULL,24562,(434) 447-6867,(434) 638-6895,Theresa.Jenkins@gmail.com
151,Heather,NULL,Russell,6157 Jagged Circuit,NULL,24561,(540) 237-8672,(540) 879-3111,NULL
152,Ronald,NULL,Harris,2127 Hidden Rise Highlands,NULL,24562,(434) 816-9614,(434) 356-1524,NULL
153,Christina,NULL,Edwards,6574 Harvest Lake Field,NULL,24503,(434) 257-4781,(434) 931-8147,Christina.Edwards@gmail.com
154,Maria,NULL,Rivera,8240 Cinder Towers,Apt. B,24502,(434) 365-9712,(434) 143-6549,Maria.Rivera@gmail.com
155,Gloria,NULL,Long,2996 Rocky Hill,NULL,24501,(434) 541-7918,(434) 129-1723,Gloria.Long@gmail.com
156,Philip,NULL,Wilson,5909 Silent Brook Canyon,NULL,24562,(434) 815-9781,(434) 649-3835,NULL
157,Janice,NULL,Bennett,3741 Blue Expressway,NULL,24551,(434) 457-1483,NULL,Janice.Bennett@gmail.com
158,Harry,NULL,Price,9639 Velvet Panda Grove,NULL,24550,(540) 813-2869,(540) 978-8588,Harry.Price@gmail.com
159,Karen,NULL,Phillips,1384 Sunny Gardens,NULL,24503,(434) 738-9714,NULL,Karen.Phillips@gmail.com
160,Phyllis,NULL,Rodriguez,5275 Shady Road,NULL,78229,(434) 753-6164,NULL,Phyllis.Rodriguez@gmail.com
161,Jesse,NULL,Thompson,675 Tawny Highway,NULL,24561,(540) 424-9919,(540) 926-2227,NULL
162,Ann,NULL,Kelly,2463 Old Farms,NULL,24550,(540) 179-3286,(540) 216-4331,Ann.Kelly@gmail.com
163,Teresa,NULL,Peterson,7616 Grand Lagoon Crossing,NULL,24502,(434) 375-2591,NULL,Teresa.Peterson@gmail.com
164,Jacqueline,NULL,King,9533 Green Fawn Swale,NULL,24562,(434) 871-1866,(434) 737-2239,Jacqueline.King@gmail.com
165,Jonathan,NULL,Griffin,4822 Emerald Beacon Farm,NULL,24551,(434) 144-4394,NULL,NULL
166,Daniel,NULL,Ward,6244 Honey Edge,NULL,24550,(540) 992-8596,(540) 626-4622,Daniel.Ward@gmail.com
167,Craig,NULL,Powell,1051 Crystal Chase,NULL,24503,(434) 586-6275,NULL,Craig.Powell@gmail.com
168,Justin,NULL,Lewis,673 Wishing Prairie Green,NULL,78229,(434) 775-5636,NULL,Justin.Lewis@gmail.com
169,David,NULL,Nelson,7776 Stony Corner,NULL,24561,(540) 539-2441,(540) 881-9977,NULL
170,Jane,NULL,Hughes,3754 Misty Concession,NULL,24550,(540) 458-8924,NULL,Jane.Hughes@gmail.com
171,Emily,NULL,Brown,4033 Noble Horse Pathway,NULL,24502,(434) 843-9944,(434) 968-8321,NULL
172,Ernest,NULL,Bryant,8778 Fallen Arbor,NULL,24501,(434) 854-6923,NULL,NULL
173,Richard,NULL,Green,8578 Rustic Pond View,NULL,24562,(434) 699-6684,(434) 566-4387,Richard.Green@gmail.com
174,Betty,NULL,Clifford,7794 Pleasant Pines,NULL,24561,(540) 727-2662,(540) 354-7459,Betty.Clifford@gmail.com
175,Floyd,NULL,Barber,2632 Bright Key,NULL,24562,(434) 487-3519,(434) 582-8326,Floyd.Barber@gmail.com
176,Ernesto,NULL,Chandler,3588 Rustic Blossom Bank,Apt. 444,24503,(434) 436-7827,(434) 277-3925,NULL
177,Miguel,NULL,George,9850 Lost Row,NULL,24502,(434) 855-5287,(434) 347-8773,Miguel.George@gmail.com
178,Leslie,NULL,Simmons,4021 Pleasant Hickory Trace,NULL,24501,(434) 693-3491,NULL,NULL
179,Julie,NULL,Pearson,463 Crystal Lagoon Acres,NULL,24503,(434) 258-4835,(434) 141-8618,Julie.Pearson@gmail.com
180,Lorraine,NULL,Rhodes,5112 Iron Pioneer Farm,NULL,24502,(434) 674-4133,NULL,NULL
181,Patty,NULL,Vega,5198 Old Place,NULL,24501,(434) 639-8678,NULL,NULL
182,Leslie,NULL,Abbott,5879 Noble Boulevard,NULL,24562,(434) 736-4757,(434) 278-6767,NULL
183,Lora,NULL,Gill,7993 Clear Fox Way,NULL,24551,(434) 859-2292,(434) 341-1291,Lora.Gill@gmail.com
184,Terri,NULL,Jensen,6985 Golden Crossing,NULL,24550,(540) 773-1922,NULL,NULL
185,Danny,NULL,Frank,8766 Tawny Pathway,NULL,24503,(434) 811-2649,(434) 841-9519,Danny.Frank@gmail.com
186,Beulah,NULL,Haynes,9557 Quaking Link,NULL,78229,(434) 635-7325,(434) 775-5769,NULL
187,Karla,NULL,Hall,3409 Shady River Lane,NULL,24503,(434) 329-1777,NULL,Karla.Hall@gmail.com
188,Leonard,NULL,Potter,3212 Silver Extension,NULL,24502,(434) 352-9419,NULL,Leonard.Potter@gmail.com
189,Earl,NULL,Marsh,3420 Cozy Creek Front,NULL,24501,(434) 667-6578,(434) 361-5653,Earl.Marsh@gmail.com
190,Oliver,NULL,Thomas,7837 Green Embers Line,NULL,24562,(434) 263-2173,(434) 487-3685,Oliver.Thomas@gmail.com
191,Ruby,NULL,Ortega,5348 Sleepy Wagon Jetty,NULL,24551,(434) 345-9775,NULL,Ruby.Ortega@gmail.com
192,Stacey,NULL,Clarke,1951 Indian Orchard,NULL,24550,(540) 549-2446,(540) 434-6617,NULL
193,Guillermo,NULL,Andrews,5981 Emerald Gardens,NULL,24503,(434) 582-2311,NULL,Guillermo.Andrews@gmail.com
194,Kent,NULL,Obrien,8432 Merry Timber Circle,NULL,78229,(434) 671-7561,(434) 141-2274,Kent.Obrien@gmail.com
195,Saul,NULL,Barrett,6257 High Expressway,NULL,24561,(540) 679-7159,NULL,Saul.Barrett@gmail.com
196,Rodney,NULL,Turner,3685 Burning Panda Lookout,NULL,24550,(540) 271-7441,(540) 612-9288,Rodney.Turner@gmail.com
197,Claire,NULL,Nguyen,6293 Rocky Passage,NULL,24502,(434) 384-1336,(434) 479-9453,NULL
198,Lynda,NULL,Underwood,4818 Hazy Pine Dell,P.O. Box 333,24501,(434) 719-7726,(434) 541-8496,Lynda.Underwood@gmail.com
199,Willard,NULL,Armstrong,9796 Dusty Treasure Mount,NULL,24562,(434) 642-2159,(434) 263-2449,Willard.Armstrong@gmail.com
200,Lillie,NULL,Owens,5594 Red Gate,NULL,24561,(540) 715-4864,NULL,Lillie.Owens@gmail.com
201,Monique,NULL,Bowers,2324 Amber Downs,NULL,24562,(434) 125-8614,(434) 323-6666,Monique.Bowers@gmail.com
202,Wilma,NULL,Holmes,6674 Harvest Isle,NULL,24503,(434) 966-3448,(434) 712-7219,NULL
203,Blanche,NULL,Wagner,12 Colonial Bear Wood,NULL,24502,(434) 699-3445,(434) 272-9194,Blanche.Wagner@gmail.com
204,Ignacio,NULL,Wright,9637 Cinder Branch Glen,NULL,24501,(434) 485-4915,(434) 597-8596,Ignacio.Wright@gmail.com
205,Ella,NULL,Summers,5497 Honey Hills Cove,NULL,24561,(540) 797-4736,(540) 937-4483,Ella.Summers@gmail.com
206,Casey,NULL,Burns,9482 Broad Cider Highlands,NULL,24550,(540) 848-1236,(540) 272-7395,NULL
207,Warren,NULL,Rice,8900 Middle Cloud Moor,NULL,24502,(434) 768-7111,NULL,Warren.Rice@gmail.com
208,Cynthia,NULL,Stanley,6044 Misty Robin Grounds,NULL,24501,(434) 151-5287,NULL,Cynthia.Stanley@gmail.com
209,Belinda,NULL,Franklin,7404 Quiet Island Villas,NULL,24562,(434) 495-7982,NULL,Belinda.Franklin@gmail.com
210,Micheal,NULL,Morris,1325 Jagged Beacon Pike,NULL,24561,(540) 798-6137,(540) 844-8261,Micheal.Morris@gmail.com
211,Hazel,NULL,Lawson,8021 Little Gate Corners,NULL,24562,(434) 513-2296,NULL,NULL
212,Judith,NULL,Castro,5117 Gentle Townline,NULL,24503,(434) 276-8157,(434) 826-2891,Judith.Castro@gmail.com
213,Jacquelyn,NULL,Hudson,4573 Round Canyon,NULL,24502,(434) 468-5495,(434) 754-1958,Jacquelyn.Hudson@gmail.com
214,Geneva,NULL,Lawrence,8601 Sunny Mountain,NULL,24501,(434) 443-3451,(434) 146-6877,NULL
215,Maria,NULL,Kennedy,1739 Lazy Impasse,NULL,24502,(434) 791-9846,(434) 724-1461,Maria.Kennedy@gmail.com
216,Wilson,NULL,Stewart,2931 Stony Mountain Square,NULL,24501,(434) 584-1922,NULL,NULL
217,Anthony,NULL,Blair,9346 Cotton Zephyr Valley,NULL,24562,(434) 388-8454,(434) 429-8271,Anthony.Blair@gmail.com
218,Yolanda,NULL,Evans,9796 Dewy Pointe,NULL,24551,(434) 411-6421,NULL,Yolanda.Evans@gmail.com
219,Billy,NULL,Stokes,9492 Hidden Log Heath,NULL,24550,(540) 799-7565,(540) 572-1332,Billy.Stokes@gmail.com
220,Eula,NULL,Parker,2789 Fallen Grove,P.O. Box 888,24503,(434) 769-3219,NULL,NULL
221,Catherine,NULL,Palmer,6908 Heather Rise Court,NULL,24502,(434) 755-5842,NULL,NULL
222,Kari,NULL,Mendoza,5834 Blue Grove Range,NULL,24501,(434) 554-1974,(434) 367-7967,Kari.Mendoza@gmail.com
223,Kate,NULL,Ryan,3704 Thunder Willow Chase,NULL,24501,(434) 993-5258,(434) 278-3522,Kate.Ryan@gmail.com
224,Julian,NULL,Barnes,691 Umber Island,NULL,24562,(434) 843-5566,(434) 492-8433,NULL
225,Patsy,NULL,Welch,5430 Silent Beacon Meadow,NULL,24561,(540) 396-2446,NULL,Patsy.Welch@gmail.com
226,Mario,NULL,Frazier,5587 Gentle View Falls,NULL,24562,(434) 562-5892,(434) 784-3722,Mario.Frazier@gmail.com
227,Larry,NULL,Burton,2258 Crystal Prairie Cove,NULL,24503,(434) 566-5927,NULL,Larry.Burton@gmail.com
228,Sherry,NULL,Graham,5970 Heather Embers Highway,NULL,24502,(434) 667-1628,NULL,Sherry.Graham@gmail.com
229,Gina,NULL,Mcdaniel,6167 Quiet Zephyr Heath,NULL,24501,(434) 121-3752,(434) 361-4244,NULL
230,Dustin,NULL,Nash,2138 Harvest Concession,NULL,24562,(434) 678-5375,(434) 739-2624,Dustin.Nash@gmail.com
231,Janice,NULL,Beck,1175 Cotton Landing,NULL,24551,(434) 429-3564,(434) 841-8993,Janice.Beck@gmail.com
232,Lewis,NULL,Guzman,1521 Bright Bear Close,NULL,24550,(540) 869-6597,NULL,NULL
233,Meredith,NULL,Tran,6408 Broad Horse Pointe,NULL,24503,(434) 382-8374,(434) 621-9145,Meredith.Tran@gmail.com
234,Joey,NULL,Hodges,8980 Merry Abbey,NULL,78229,(434) 513-2599,NULL,Joey.Hodges@gmail.com
235,Roger,NULL,Moody,1152 Blue Log Island,NULL,24561,(540) 879-6533,(540) 351-2257,NULL
236,Myron,NULL,Adkins,7037 Jagged Dale Row,NULL,24550,(540) 587-1553,(540) 829-8988,Myron.Adkins@gmail.com
237,Neal,NULL,Miles,5852 Stony Willow Route,NULL,24502,(434) 516-3553,(434) 857-3112,NULL
238,Curtis,NULL,Page,5309 Indian Grove Mall ,NULL,24562,(434) 877-9919,NULL,Curtis.Page@gmail.com
239,Peter,NULL,Hammond,1463 Rocky Cape,NULL,24551,(434) 162-1659,(434) 123-2212,NULL
240,Simon,NULL,Knight,3159 Red Nectar Road,NULL,24550,(540) 919-1758,(540) 356-6867,Simon.Knight@gmail.com
241,Kerry,NULL,Higgins,1227 Dusty Boulevard,NULL,24503,(434) 147-8229,NULL,Kerry.Higgins@gmail.com
242,Salvador,NULL,Jenkins,3154 Velvet Hickory Street,P.O. Box 654,78229,(434) 168-9561,(434) 823-8822,Salvador.Jenkins@gmail.com
243,Jeremiah,NULL,Fields,9832 Golden Inlet,NULL,24561,(540) 127-5334,(540) 677-4527,Jeremiah.Fields@gmail.com
244,Winifred,NULL,Ruiz,4914 Lost Square,NULL,24550,(540) 261-9136,(540) 977-7765,Winifred.Ruiz@gmail.com
245,Reginald,NULL,Baldwin,5014 Colonial Wagon Walk,NULL,24502,(434) 173-8158,(434) 126-2441,Reginald.Baldwin@gmail.com
246,Charlie,NULL,Edwards,3909 Emerald Thicket,NULL,24501,(434) 312-8899,(434) 733-2423,Charlie.Edwards@gmail.com
247,Meghan,NULL,Phelps,4635 Burning Lake Farms,NULL,24562,(434) 131-2898,NULL,NULL
248,Virgil,NULL,Grant,8416 Thunder Blossom Isle,NULL,24561,(540) 826-4248,(540) 893-3511,Virgil.Grant@gmail.com
249,Damon,NULL,Sherman,1452 Cozy Autoroute,NULL,24562,(434) 868-2931,NULL,Damon.Sherman@gmail.com
250,Brad,NULL,Hill,5600 Shady Creek Swale,NULL,24503,(434) 861-4227,NULL,Brad.Hill@gmail.com
251,Alex,NULL,Brewer,4484 Old Mountain Jetty,NULL,24502,(434) 267-4451,(434) 442-2159,Alex.Brewer@gmail.com
252,Al,NULL,Peterson,3303 Round Impasse,NULL,24501,(434) 497-2372,(434) 733-8682,NULL
253,Toni,NULL,Robertson,8132 Silver Branch Hollow,NULL,24503,(434) 564-9195,NULL,Toni.Robertson@gmail.com
254,Pablo,NULL,Craig,4588 Foggy Passage,NULL,24502,(434) 436-9692,(434) 984-4251,Pablo.Craig@gmail.com
255,Rudy,NULL,Schneider,3586 Cinder Towers,NULL,24501,(434) 617-7717,NULL,Rudy.Schneider@gmail.com
256,Lance,NULL,Lucas,6487 Wishing Spring Link,NULL,24562,(434) 691-7975,(434) 512-5527,Lance.Lucas@gmail.com
257,Teri,NULL,Roberts,6492 Clear Berry Pike,NULL,24551,(434) 729-6684,NULL,Teri.Roberts@gmail.com
258,Rosalie,NULL,Crawford,8297 High Via,NULL,24550,(540) 965-1337,(540) 475-4265,Rosalie.Crawford@gmail.com
259,Bobbie,NULL,Riley,8764 Dewy Cider Corner,NULL,24503,(434) 414-7597,(434) 688-8185,NULL
260,Don,NULL,Hamilton,2325 Easy End,NULL,78229,(434) 995-5659,(434) 536-7287,Don.Hamilton@gmail.com
261,Yvette,NULL,Harmon,263 Misty Hills Round,NULL,24503,(434) 742-2217,(434) 274-8869,NULL
262,Felicia,NULL,Caldwell,9966 Lazy Pony Ledge,NULL,24502,(434) 264-1186,(434) 631-2848,NULL
263,Kenneth,NULL,Fernandez,1664 Quaking Drive,NULL,24501,(434) 436-5893,(434) 958-8189,Kenneth.Fernandez@gmail.com
264,Ben,NULL,Byrd,5940 Umber Mount,P.O. Box 543,24562,(434) 861-4877,NULL,Ben.Byrd@gmail.com
265,Samuel,NULL,Wise,5779 Hidden Wynd,NULL,24551,(434) 241-9452,(434) 946-9793,NULL
266,Philip,NULL,Perkins,5719 Sleepy Leaf Extension,NULL,24550,(540) 339-1312,NULL,Philip.Perkins@gmail.com
267,Irene,NULL,Clayton,4177 Iron Apple Green,NULL,24503,(434) 416-5116,NULL,NULL
268,Matt,NULL,Norris,600 Grand Crescent,NULL,78229,(434) 791-8569,(434) 879-1189,Matt.Norris@gmail.com
269,Eric,NULL,May,7632 Rustic Highlands,NULL,24561,(540) 717-3399,NULL,NULL
270,Edgar,NULL,Wells,1905 Honey Gate Run,NULL,24550,(540) 232-6442,(540) 852-2469,Edgar.Wells@gmail.com
271,Tara,NULL,Day,2933 Tawny Vale,NULL,24502,(434) 164-6814,NULL,NULL
272,Tamara,NULL,Mccormick,6031 Middle Oak Centre,NULL,24501,(434) 649-7625,(434) 613-7682,Tamara.Mccormick@gmail.com
273,Debra,NULL,Neal,8033 Pleasant By-pass,NULL,24562,(434) 512-9835,(434) 779-7136,NULL
274,Nellie,NULL,Logan,5750 Hazy Manor,NULL,24561,(540) 228-9122,(540) 427-7936,Nellie.Logan@gmail.com
275,Eula,NULL,Hale,1333 Green Timber Pines,NULL,24562,(434) 758-7647,NULL,Eula.Hale@gmail.com
276,Carol,NULL,Johnson,1060 Noble Cape,NULL,24503,(434) 463-6651,(434) 449-6928,Carol.Johnson@gmail.com
277,Pablo,NULL,Vargas,5873 Silver Maze,NULL,24502,(434) 776-6857,(434) 798-7662,Pablo.Vargas@gmail.com
278,Brenda,NULL,Obrien,5916 Blue Pioneer Dell,NULL,24501,(434) 317-5268,NULL,Brenda.Obrien@gmail.com
279,Clay,NULL,Cooper,4864 Hazy Embers Autoroute,NULL,24561,(540) 466-8829,(540) 283-4623,Clay.Cooper@gmail.com
280,Traci,NULL,Ingram,2802 Red Deer Beach,NULL,24550,(540) 929-1772,(540) 537-5373,Traci.Ingram@gmail.com
281,Noel,NULL,Park,2630 Burning Lookout,NULL,24502,(434) 483-3745,(434) 391-2286,NULL
282,Larry,NULL,Perry,2737 Round Beacon Swale,NULL,24501,(434) 423-3754,(434) 281-3755,Larry.Perry@gmail.com
283,Guadalupe,NULL,Boyd,4613 Broad Creek Extension,NULL,24562,(434) 522-5789,NULL,NULL
284,Brandi,NULL,Simpson,9693 Sleepy Rise,NULL,24561,(540) 968-7427,(540) 673-3152,Brandi.Simpson@gmail.com
285,Marilyn,NULL,Miller,3234 Middle Sky Private,NULL,24562,(434) 666-1768,(434) 723-4885,NULL
286,Betty,NULL,Frazier,8777 Foggy Wharf,Apt. 33,24503,(434) 253-4339,NULL,NULL
287,Esther,NULL,Beck,6470 High Falls,NULL,24502,(434) 435-2754,(434) 131-9683,NULL
288,Stanley,NULL,Nichols,8531 Cinder Robin Limits,NULL,24501,(434) 185-1924,NULL,NULL
289,Lauren,NULL,Kennedy,640 Harvest Square,NULL,24502,(434) 345-4288,NULL,NULL
290,Crystal,NULL,Hopkins,7610 Rustic Villas,NULL,24501,(434) 672-9864,(434) 789-8619,Crystal.Hopkins@gmail.com
291,Dora,NULL,Banks,8608 Sunny Hickory Green,NULL,24562,(434) 681-5696,(434) 468-7136,Dora.Banks@gmail.com
292,Morris,NULL,Burke,8752 Grand Rise Arbor,NULL,24551,(434) 346-6736,(434) 523-4792,Morris.Burke@gmail.com
293,Lola,NULL,Gill,4239 Cotton Panda Pike,NULL,24550,(540) 821-8548,NULL,Lola.Gill@gmail.com
294,Willie,NULL,Figueroa,8158 Colonial Crossing,NULL,24503,(434) 281-1528,(434) 538-2853,Willie.Figueroa@gmail.com
295,Maria,NULL,Coleman,2693 Lost Way,NULL,24502,(434) 633-9914,NULL,Maria.Coleman@gmail.com
296,Blanca,NULL,Fowler,5381 Wishing Valley,NULL,24501,(434) 945-3289,(434) 483-2828,Blanca.Fowler@gmail.com
297,Dean,NULL,Greer,1754 Thunder Key,NULL,24501,(434) 997-5528,NULL,NULL
298,Lawrence,NULL,Daniels,2589 Umber Vale,NULL,24562,(434) 621-4255,(434) 252-8389,Lawrence.Daniels@gmail.com
299,Alejandro,NULL,Santiago,6772 Quaking Cloud Subdivision,NULL,24561,(540) 115-1886,NULL,NULL
300,Georgia,NULL,Fox,1922 Rocky Fox Moor,NULL,24562,(434) 137-8338,(434) 113-9598,Georgia.Fox@gmail.com
301,Lana,NULL,Byrd,9125 Hidden Grove Stead,NULL,24503,(434) 756-3682,(434) 724-1638,NULL
302,Shelly,NULL,Terry,6396 Stony Farms,NULL,24502,(434) 935-1191,(434) 716-3283,NULL
303,Ben,NULL,Drake,2456 Iron Pointe,NULL,24501,(434) 236-7689,NULL,Ben.Drake@gmail.com
304,Paula,NULL,Huff,5414 Crystal Log Ridge,NULL,24562,(434) 413-4149,(434) 979-1986,Paula.Huff@gmail.com
305,Alonzo,NULL,Stokes,5671 Old Island Isle,NULL,24551,(434) 617-3898,NULL,Alonzo.Stokes@gmail.com
306,Tasha,NULL,Thomas,5068 Easy Blossom Meadow,NULL,24550,(540) 751-5641,(540) 478-7616,Tasha.Thomas@gmail.com
307,Jan,NULL,Craig,1694 Merry Leaf Plaza,NULL,24503,(434) 891-7868,NULL,Jan.Craig@gmail.com
308,Yvette,NULL,Lindsey,8760 Honey View,Apt. 8,78229,(434) 121-6494,(434) 115-1667,Yvette.Lindsey@gmail.com
309,Sonja,NULL,Osborne,8488 Quiet Route,NULL,24561,(540) 438-5524,(540) 559-7422,Sonja.Osborne@gmail.com
310,Bradford,NULL,Willis,5034 Dewy Circle,NULL,24550,(540) 287-2135,(540) 592-8183,Bradford.Willis@gmail.com
311,Vivian,NULL,Thornton,7880 Jagged Butterfly Centre,NULL,24502,(434) 853-9585,(434) 257-8261,Vivian.Thornton@gmail.com
312,Alberto,NULL,Reese,6505 Gentle Goose Carrefour,NULL,24562,(434) 126-2715,(434) 794-5224,Alberto.Reese@gmail.com
313,Wm,NULL,Pierce,8534 Indian Cider Point,NULL,24551,(434) 966-4953,NULL,Wm.Pierce@gmail.com
314,Beth,NULL,Watson,6001 Little Dale,NULL,24550,(540) 239-2276,(540) 381-2944,Beth.Watson@gmail.com
315,Fannie,NULL,Taylor,1375 Cozy Range,NULL,24503,(434) 236-8443,NULL,Fannie.Taylor@gmail.com
316,Helen,NULL,Bowers,5312 Dusty Corner,NULL,78229,(434) 687-9283,NULL,Helen.Bowers@gmail.com
317,Ora,NULL,Garcia,8622 Lazy Edge,NULL,24561,(540) 224-8193,(540) 663-3179,Ora.Garcia@gmail.com
318,Joan,NULL,Holland,6095 Heather Pond Mall ,NULL,24550,(540) 228-1826,(540) 822-1149,Joan.Holland@gmail.com
319,Roman,NULL,Wilkins,6636 Silent Quay,NULL,24502,(434) 238-3299,(434) 776-3277,Roman.Wilkins@gmail.com
320,Darin,NULL,Cobb,4173 Fallen Port,NULL,24501,(434) 914-4723,NULL,Darin.Cobb@gmail.com
321,Ramiro,NULL,Hart,4534 Clear Pony Canyon,NULL,24562,(434) 885-8691,(434) 483-9127,Ramiro.Hart@gmail.com
322,Eugene,NULL,Webb,6586 Pleasant Pine Avenue,NULL,24561,(540) 164-2749,NULL,Eugene.Webb@gmail.com
323,Francis,NULL,Hanson,3061 Tawny Bend,NULL,24562,(434) 287-6264,(434) 664-8898,Francis.Hanson@gmail.com
324,Leah,NULL,Bates,2160 Amber Path,NULL,24503,(434) 696-9942,NULL,NULL
325,Al,NULL,Duncan,9155 Silent Dale Quay,NULL,24502,(434) 294-4794,(434) 821-1394,Al.Duncan@gmail.com
326,Eddie,NULL,Poole,5852 High Front,NULL,24501,(434) 333-2362,(434) 381-1235,NULL
327,Brooke,NULL,Matthews,6785 Sleepy Gate Concession,NULL,24503,(434) 652-4518,(434) 974-5255,NULL
328,Manuel,NULL,Sanders,7206 Dusty Prairie Pike,NULL,24502,(434) 378-5583,NULL,NULL
329,Elvira,NULL,Stanley,1689 Bright Villas,NULL,24501,(434) 988-6688,(434) 421-1224,Elvira.Stanley@gmail.com
330,Lowell,NULL,Jimenez,5466 Shady Leaf Ramp,Apt. 1-B,24562,(434) 797-1468,(434) 688-4684,NULL
331,Naomi,NULL,Santos,9854 Burning Wagon Way,NULL,24551,(434) 544-9139,NULL,NULL
332,Gene,NULL,Wheeler,7050 Clear Zephyr Street,NULL,24550,(540) 546-4448,NULL,Gene.Wheeler@gmail.com
333,Darren,NULL,Weber,6610 Tawny Rise Avenue,NULL,24503,(434) 268-2114,NULL,NULL
334,Bennie,NULL,Ward,2315 Little Spring Thicket,NULL,78229,(434) 445-6838,NULL,Bennie.Ward@gmail.com
335,Darrell,NULL,Freeman,5795 Lost Trail,NULL,24503,(434) 554-2498,(434) 961-6723,NULL
336,Dawn,NULL,Diaz,734 Hidden Terrace,NULL,24502,(434) 345-5634,(434) 574-9825,Dawn.Diaz@gmail.com
337,Joshua,NULL,Kelly,3520 Wishing Heath,NULL,24501,(434) 433-3415,(434) 463-7262,Joshua.Kelly@gmail.com
338,Michelle,NULL,Flores,873 Quaking Corner,NULL,24562,(434) 488-4541,NULL,Michelle.Flores@gmail.com
339,Jeannette,NULL,Marshall,4571 Grand Glen,NULL,24551,(434) 184-2921,(434) 377-5388,Jeannette.Marshall@gmail.com
340,Wade,NULL,Ramirez,652 Emerald Bay,NULL,24550,(540) 923-9519,(540) 242-7859,Wade.Ramirez@gmail.com
341,Delbert,NULL,Owen,7189 Golden Highway,NULL,24503,(434) 247-5899,(434) 966-9943,NULL
342,Walter,NULL,Price,1261 Thunder Crescent,NULL,78229,(434) 234-5332,NULL,Walter.Price@gmail.com
343,Sally,NULL,Cox,2590 Heather Grove Path,NULL,24561,(540) 657-8573,(540) 737-1732,Sally.Cox@gmail.com
344,Bridget,NULL,Cook,5417 Easy Beacon Estates,NULL,24550,(540) 623-7245,(540) 974-5473,NULL
345,Geneva,NULL,Rogers,2798 Amber Apple Parkway,NULL,24502,(434) 113-8963,(434) 311-4223,Geneva.Rogers@gmail.com
346,Molly,NULL,Williams,1709 Middle Hickory Orchard,NULL,24501,(434) 529-7518,(434) 328-7979,NULL
347,Brad,NULL,Glover,5500 Merry Maze,NULL,24562,(434) 617-6884,NULL,Brad.Glover@gmail.com
348,Jeremy,NULL,Foster,5314 Stony Link,NULL,24561,(540) 652-9365,NULL,Jeremy.Foster@gmail.com
349,Debbie,NULL,Stevenson,4430 Gentle Creek Island,NULL,24562,(434) 248-7652,(434) 934-6792,Debbie.Stevenson@gmail.com
350,Antoinette,NULL,Payne,2796 Old Timber Alley,NULL,24503,(434) 316-3692,NULL,NULL
351,Miranda,NULL,Pena,2823 Fallen Impasse,NULL,24502,(434) 482-1741,(434) 283-7538,Miranda.Pena@gmail.com
352,Julius,NULL,Singleton,3729 Pleasant Field,P.O. Box 999,24501,(434) 261-3524,NULL,Julius.Singleton@gmail.com
353,Boyd,NULL,Grant,4650 Noble Horse Village,NULL,24561,(540) 529-6973,(540) 543-9424,Boyd.Grant@gmail.com
354,Miriam,NULL,Brady,9048 Cozy Mountain Cape,NULL,24550,(540) 721-9573,(540) 852-3873,NULL
355,Eric,NULL,Wilson,1561 Round Port,NULL,24502,(434) 924-2922,NULL,Eric.Wilson@gmail.com
356,Damon,NULL,Carpenter,2946 Rustic Lookout,NULL,24501,(434) 619-6251,NULL,NULL
357,Lori,NULL,Becker,6204 Green Barn Line,NULL,24562,(434) 874-1477,(434) 568-3992,Lori.Becker@gmail.com
358,Guy,NULL,Bush,2724 Foggy Vista,NULL,24561,(540) 876-7387,NULL,NULL
359,Bernadette,NULL,Blair,2674 Honey Grove,NULL,24562,(434) 712-2772,(434) 425-7563,Bernadette.Blair@gmail.com
360,Nelson,NULL,Moran,3073 Silver Bear Manor,NULL,24503,(434) 471-6928,(434) 651-8139,Nelson.Moran@gmail.com
361,Delores,NULL,Griffith,9024 Blue Corners,NULL,24502,(434) 211-7228,NULL,Delores.Griffith@gmail.com
362,Clifton,NULL,Fleming,8125 Red Subdivision,NULL,24501,(434) 468-1152,(434) 831-8712,Clifton.Fleming@gmail.com
363,Christina,NULL,Fuller,3540 Colonial Pony Circuit,NULL,24502,(434) 575-7359,NULL,Christina.Fuller@gmail.com
364,Ada,NULL,Ford,6635 Iron Carrefour,NULL,24501,(434) 975-5794,(434) 281-2648,NULL
365,Saul,NULL,Delgado,1068 Broad Fawn Jetty,NULL,24562,(434) 145-5586,(434) 184-9728,Saul.Delgado@gmail.com
366,Marie,NULL,Washington,8194 Rocky Island Heights,NULL,24551,(434) 769-1794,(434) 437-4485,Marie.Washington@gmail.com
367,Melba,NULL,Collier,2961 Misty Downs,NULL,24550,(540) 531-7219,NULL,NULL
368,Johnathan,NULL,Green,232 Cinder Autumn Lane,NULL,24503,(434) 968-6793,(434) 885-4789,Johnathan.Green@gmail.com
369,Lionel,NULL,Barnett,6525 Dewy Rabbit Common,NULL,24502,(434) 363-4343,NULL,Lionel.Barnett@gmail.com
370,Wilma,NULL,Chapman,6830 Hazy Treasure Ridge,NULL,24501,(434) 346-5658,(434) 569-1945,NULL
371,Diane,NULL,Mcdonald,8980 Jagged Private,NULL,24501,(434) 167-6654,(434) 549-3763,Diane.Mcdonald@gmail.com
372,Lorene,NULL,Alvarado,6835 Velvet Pathway,NULL,24562,(434) 548-5941,(434) 324-2413,Lorene.Alvarado@gmail.com
373,Marguerite,NULL,Rios,3984 Crystal Drive,NULL,24561,(540) 869-7944,NULL,Marguerite.Rios@gmail.com
374,Joanne,NULL,Morgan,3978 Sunny Anchor Wood,P.O. Box 987,24562,(434) 166-4513,(434) 111-1374,NULL
375,Ernest,NULL,Morgan,2708 Shady Gate Grove,NULL,24503,(434) 852-6529,(434) 997-6633,Ernest.Morgan@gmail.com
376,William,NULL,Hernandez,6753 Dusty Pine Knoll,NULL,24502,(434) 929-2587,NULL,NULL
377,Margaret,NULL,Bailey,8828 Sunny Pointe,NULL,24501,(434) 259-4924,(434) 132-1566,Margaret.Bailey@gmail.com
378,Kenneth,NULL,Lee,8357 Honey Nook,NULL,24562,(434) 778-7141,NULL,Kenneth.Lee@gmail.com
379,Irene,NULL,Ward,2892 Middle Embers Crossing,NULL,24551,(434) 913-1416,(434) 383-4994,Irene.Ward@gmail.com
380,Willie,NULL,Cox,6351 Dewy Deer Abbey,NULL,24550,(540) 969-4328,NULL,Willie.Cox@gmail.com
381,Bruce,NULL,Murphy,9832 Quaking Trace,NULL,24503,(434) 595-4578,(434) 431-2349,Bruce.Murphy@gmail.com
382,Karen,NULL,Brooks,9547 Jagged Route,NULL,78229,(434) 271-5981,(434) 899-8183,NULL
383,Gloria,NULL,Nelson,1999 Little Passage,NULL,24561,(540) 838-4891,NULL,Gloria.Nelson@gmail.com
384,Katherine,NULL,Wilson,3272 Umber Anchor Autoroute,NULL,24550,(540) 172-1713,(540) 796-3758,Katherine.Wilson@gmail.com
385,Nancy,NULL,Alexander,3851 Heather Cove,NULL,24502,(434) 891-7163,NULL,Nancy.Alexander@gmail.com
386,Betty,NULL,Brown,1500 Gentle Creek Gardens,NULL,24562,(434) 733-6628,(434) 294-3755,Betty.Brown@gmail.com
387,Raymond,NULL,Bennett,4892 Rustic Sky Island,NULL,24551,(434) 425-5362,(434) 936-8217,NULL
388,Ruby,NULL,Diaz,3381 Noble Brook Vista,NULL,24550,(540) 329-4385,NULL,Ruby.Diaz@gmail.com
389,Linda,NULL,Wood,9558 Lazy Rise Crescent,NULL,24503,(434) 344-7663,(434) 458-5912,Linda.Wood@gmail.com
390,Jerry,NULL,Jenkins,1758 Hidden Elk Drive,NULL,78229,(434) 818-8382,(434) 461-5623,NULL
391,Jennifer,NULL,Henderson,2240 Green Arbor,NULL,24561,(540) 158-2726,(540) 868-4377,Jennifer.Henderson@gmail.com
392,Justin,NULL,White,7347 Indian Goose Highlands,NULL,24550,(540) 565-5525,(540) 695-6517,Justin.White@gmail.com
393,Jesse,NULL,Mitchell,3287 Thunder Glade,NULL,24502,(434) 714-8874,NULL,Jesse.Mitchell@gmail.com
394,Johnny,NULL,Kelly,659 Harvest Corner,NULL,24501,(434) 898-1656,(434) 467-8445,Johnny.Kelly@gmail.com
395,Sarah,NULL,Perez,1951 Cozy Lagoon Circle,NULL,24562,(434) 276-1713,(434) 763-5851,Sarah.Perez@gmail.com
396,Diana,NULL,Bryant,4996 Iron Ledge,P.O. Box 634,24561,(540) 712-5688,NULL,Diana.Bryant@gmail.com
397,Rebecca,NULL,Jackson,180 Crystal Village,NULL,24562,(434) 882-2481,(434) 539-5144,NULL
398,Joyce,NULL,Gray,9119 Golden Beach,NULL,24503,(434) 941-5272,(434) 881-6764,Joyce.Gray@gmail.com
399,Louise,NULL,Clark,7132 Bright Woods,NULL,24502,(434) 692-2713,(434) 125-8429,Louise.Clark@gmail.com
400,David,NULL,Harris,1825 Cotton Bend,NULL,24501,(434) 895-8221,NULL,NULL
401,Alan,NULL,Lewis,6372 Foggy Downs,NULL,24503,(434) 123-2861,(434) 995-5498,Alan.Lewis@gmail.com
402,Patricia,NULL,Young,3415 Misty Timber Plaza,NULL,24502,(434) 169-2753,(434) 384-4128,Patricia.Young@gmail.com
403,Helen,NULL,Ramirez,9600 Tawny Corners,NULL,24501,(434) 365-5311,(434) 738-2979,Helen.Ramirez@gmail.com
404,Diane,NULL,Parker,1916 Sleepy Campus,NULL,24562,(434) 194-9851,NULL,Diane.Parker@gmail.com
405,Doris,NULL,Miller,1229 Clear Grove Common,NULL,24551,(434) 973-3698,(434) 188-4639,Doris.Miller@gmail.com
406,Thomas,NULL,Lopez,1425 Silent Beacon Boulevard,NULL,24550,(540) 373-3225,NULL,NULL
407,Susan,NULL,Collins,2184 Quiet Canyon,NULL,24503,(434) 439-9515,(434) 424-4117,Susan.Collins@gmail.com
408,Paula,NULL,Powell,4536 Pleasant Rabbit Mall ,NULL,78229,(434) 493-8299,NULL,Paula.Powell@gmail.com
409,Lois,NULL,Barnes,4476 Round View,NULL,24503,(434) 292-1291,NULL,Lois.Barnes@gmail.com
410,Janet,NULL,Green,1650 Old Hickory Townline,NULL,24502,(434) 968-1541,NULL,NULL
411,Andrew,NULL,Hill,2204 Emerald Fox By-pass,NULL,24501,(434) 823-2967,NULL,Andrew.Hill@gmail.com
412,Catherine,NULL,Washington,8210 Fallen Meadow,NULL,24562,(434) 749-3456,(434) 677-8852,Catherine.Washington@gmail.com
413,Carl,NULL,King,1189 Grand Glen,NULL,24551,(434) 715-5191,(434) 636-6257,Carl.King@gmail.com
414,Brian,NULL,Rodriguez,4562 Wishing Villas,NULL,24550,(540) 822-1254,(540) 377-6754,Brian.Rodriguez@gmail.com
415,Russell,NULL,Garcia,9721 Red Road,NULL,24503,(434) 718-9656,NULL,NULL
416,Peter,NULL,Watson,9305 Blue River Park,NULL,78229,(434) 717-3425,(434) 575-8925,Peter.Watson@gmail.com
417,Laura,NULL,Walker,9710 Cinder Court,NULL,24561,(540) 528-7552,NULL,Laura.Walker@gmail.com
418,Marie,NULL,Allen,7357 Broad Parkway,Apt. 888,24550,(540) 646-5519,(540) 347-7414,Marie.Allen@gmail.com
419,Martin,NULL,Bell,9516 Hazy Pond Inlet,NULL,24502,(434) 112-7149,NULL,Martin.Bell@gmail.com
420,Shirley,NULL,Taylor,8470 Silver Point,NULL,24501,(434) 413-8119,(434) 487-7571,NULL
421,Amy,NULL,Roberts,2947 Velvet Apple Farm,NULL,24562,(434) 973-6754,(434) 528-3426,Amy.Roberts@gmail.com
422,Stephanie,NULL,Phillips,4213 Amber Lookout,NULL,24561,(540) 943-7921,NULL,Stephanie.Phillips@gmail.com
423,Jeremy,NULL,Howard,8667 Burning Edge,NULL,24562,(434) 635-2567,(434) 934-7815,Jeremy.Howard@gmail.com
424,Aaron,NULL,Reed,603 Lost Pathway,NULL,24503,(434) 965-3851,(434) 774-3353,Aaron.Reed@gmail.com
425,Wanda,NULL,Rogers,4675 Crystal Leaf Way,NULL,24502,(434) 269-5426,(434) 915-7337,NULL
426,Benjamin,NULL,Thompson,4773 Cozy Mount,NULL,24501,(434) 648-7552,NULL,Benjamin.Thompson@gmail.com
427,Maria,NULL,Hughes,6972 Quiet Highlands,NULL,24561,(540) 781-2297,(540) 149-2784,Maria.Hughes@gmail.com
428,Phillip,NULL,Campbell,2617 Dewy Nectar Wood,NULL,24550,(540) 876-6431,NULL,Phillip.Campbell@gmail.com
429,Craig,NULL,Sanchez,5601 Green Grove Common,NULL,24502,(434) 273-8138,(434) 549-1741,Craig.Sanchez@gmail.com
430,Kelly,NULL,Foster,666 Grand Apple Private,NULL,24501,(434) 842-6951,(434) 887-2857,Kelly.Foster@gmail.com
431,Lori,NULL,Perry,7605 Rocky Vale,NULL,24562,(434) 864-9152,NULL,Lori.Perry@gmail.com
432,Carol,NULL,Cooper,8511 Harvest Thicket,NULL,24561,(540) 752-7643,(540) 452-6784,NULL
433,Emily,NULL,Tuner,6680 Umber Fawn Path,NULL,24562,(434) 839-9954,(434) 851-6797,Emily.Turner@gmail.com
434,Terry,NULL,Martinez,2560 Emerald Front,NULL,24503,(434) 759-5349,NULL,NULL
435,Andrea,NULL,Flores,9531 Wishing Butterfly Farm,NULL,24502,(434) 486-2571,(434) 529-9362,Andrea.Flores@gmail.com
436,Juan,NULL,Robinson,2223 Indian Vista,NULL,24501,(434) 236-3785,(434) 436-5121,Juan.Robinson@gmail.com
437,Daniel,NULL,Morris,6808 Dusty Creek Heights,NULL,24502,(434) 221-4951,(434) 985-1671,Daniel.Morris@gmail.com
438,Marilyn,NULL,Jones,7785 Colonial Villas,NULL,24501,(434) 236-1961,NULL,Marilyn.Jones@gmail.com
439,Douglas,NULL,Griffin,1703 Tawny Canyon,NULL,24562,(434) 155-8233,(434) 479-9648,NULL
440,Anthony,NULL,Martin,9421 Noble Close,Apt. 211,24551,(434) 666-2637,NULL,Anthony.Martin@gmail.com
441,Ruth,NULL,James,5155 High Boulevard,NULL,24550,(540) 146-2795,(540) 341-7866,Ruth.James@gmail.com
442,Paul,NULL,Wright,1570 Velvet Autoroute,NULL,24503,(434) 481-3883,NULL,Paul.Wright@gmail.com
443,Christine,NULL,Stewart,8129 Hidden Park,NULL,24502,(434) 691-5291,(434) 548-8649,Christine.Stewart@gmail.com
444,Frank,NULL,Sanders,7566 Bright Port,NULL,24501,(434) 715-5525,NULL,NULL
445,Gerald,NULL,Coleman,6860 Hazy Elk Edge,NULL,24501,(434) 553-3342,(434) 696-4661,Gerald.Coleman@gmail.com
446,Joseph,NULL,Davis,7757 Honey View Trail,NULL,24562,(434) 899-3667,NULL,Joseph.Davis@gmail.com
447,Elizabeth,NULL,Baker,5178 Burning Cloud Green,NULL,24561,(540) 745-4411,NULL,Elizabeth.Baker@gmail.com
448,Jonathan,NULL,Evans,9051 Heather Hills Crescent,NULL,24562,(434) 656-5363,NULL,NULL
449,Anna,NULL,Moore,7872 Quaking Blossom Rise,NULL,24503,(434) 326-2798,(434) 753-1492,Anna.Moore@gmail.com
450,John,NULL,Long,7408 Sleepy Quail Beach,NULL,24502,(434) 381-6527,NULL,NULL
451,Todd,NULL,Johnson,6030 Broad Bluff Promenade,NULL,24501,(434) 123-5431,(434) 951-2143,Todd.Johnson@gmail.com
452,Ashley,NULL,Torres,4338 Amber Wagon Campus,NULL,24562,(434) 792-2259,(434) 942-4789,Ashley.Torres@gmail.com
453,Brandon,NULL,Price,2435 Clear Mews,NULL,24551,(434) 168-9786,(434) 219-7246,Brandon.Price@gmail.com
454,Jason,NULL,Anderson,2395 Old Square,NULL,24550,(540) 731-8684,NULL,Jason.Anderson@gmail.com
455,Ronald,NULL,Gonzalez,9056 Lazy Autumn Impasse,NULL,24503,(434) 557-9836,(434) 486-7468,Ronald.Gonzalez@gmail.com
456,Steve,NULL,Scott,516 Rustic Oak Bank,NULL,78229,(434) 449-9336,(434) 353-7247,NULL
457,Jeffrey,NULL,Cook,6011 Jagged Pioneer Circle,NULL,24561,(540) 351-5593,NULL,Jeffrey.Cook@gmail.com
458,Donna,NULL,Carter,6339 Silver End,NULL,24550,(540) 337-8424,NULL,Donna.Carter@gmail.com
459,Harold,NULL,Edwards,6272 Lost By-pass,NULL,24502,(434) 826-7562,(434) 342-7865,Harold.Edwards@gmail.com
460,Frances,NULL,Simmons,7871 Gentle Acres,NULL,24562,(434) 443-4336,(434) 556-4218,Frances.Simmons@gmail.com
461,Jimmy,NULL,Rivera,2137 Stony Panda Expressway,NULL,24551,(434) 389-4595,(434) 561-1188,Jimmy.Rivera@gmail.com
462,Virginia,NULL,Hall,7598 Merry Chase,NULL,24550,(540) 813-2923,(540) 115-2341,Virginia.Hall@gmail.com
463,Billy,NULL,Peterson,1896 Cotton Lake Avenue,NULL,24503,(434) 311-5225,NULL,NULL
464,Lillian,NULL,Adams,9174 Cinder Falls,NULL,78229,(434) 232-8658,NULL,Lillian.Adams@gmail.com
465,Theresa,NULL,Richardson,8261 Blue Lookout,NULL,24561,(540) 182-3661,(540) 693-9268,Theresa.Richardson@gmail.com
466,Angela,NULL,Thomas,7173 Thunder Forest Towers,NULL,24550,(540) 474-8291,NULL,Angela.Thomas@gmail.com
467,Cynthia,NULL,Patterson,6213 Pleasant Corners,NULL,24502,(434) 246-6582,(434) 466-5352,Cynthia.Patterson@gmail.com
468,Judy,NULL,Gonzales,7130 Golden Embers Bend,NULL,24501,(434) 328-1121,NULL,NULL
469,Rachel,NULL,Butler,3633 Foggy Freeway,NULL,24562,(434) 576-8568,NULL,Rachel.Butler@gmail.com
470,Henry,NULL,Smith,2785 Middle Fox Link,NULL,24561,(540) 328-3539,(540) 122-2726,Henry.Smith@gmail.com
471,Joshua,NULL,Ross,1341 Iron Round,NULL,24562,(434) 466-9341,NULL,Joshua.Ross@gmail.com
472,Alice,NULL,Russell,6902 Little Pathway,NULL,24503,(434) 963-2677,NULL,Alice.Russell@gmail.com
473,Nicole,NULL,Williams,5386 Sunny Lagoon Plaza,NULL,24502,(434) 632-5498,(434) 747-9755,NULL
474,Ann,NULL,Michaels,1492 Fallen Berry Diversion,NULL,24501,(434) 189-7338,(434) 865-2973,Ann.Michaels@gmail.com
475,Susan,NULL,Perry,6585 Jagged Highlands,NULL,24503,(434) 283-9629,NULL,Susan.Perry@gmail.com
476,Jonathan,NULL,Brooks,2738 Umber Fox Harbour,NULL,24502,(434) 532-7715,(434) 211-5268,NULL
477,Kelly,NULL,Martin,5026 Gentle Berry Passage,NULL,24501,(434) 237-8816,NULL,Kelly.Martin@gmail.com
478,Lois,NULL,Morris,6799 Lost Grounds,NULL,24562,(434) 877-2313,NULL,Lois.Morris@gmail.com
479,Ralph,NULL,Rodriguez,3227 Grand Cider Via,NULL,24551,(434) 773-1227,(434) 439-8952,Ralph.Rodriguez@gmail.com
480,Paul,NULL,Bell,9851 Noble Centre,NULL,24550,(540) 893-1572,NULL,Paul.Bell@gmail.com
481,Sara,NULL,Robinson,274 Harvest Wood,NULL,24503,(434) 197-6849,NULL,Sara.Robinson@gmail.com
482,Evelyn,NULL,Reed,2349 Hidden Arbor,NULL,78229,(434) 638-4234,(434) 774-2196,NULL
483,Ruth,NULL,Simmons,1182 Easy Branch Field,P.O. Box 995,24503,(434) 167-3277,NULL,Ruth.Simmons@gmail.com
484,Michael,NULL,Sanders,1704 Silver Goose Rise,NULL,24502,(434) 587-6974,(434) 827-2177,Michael.Sanders@gmail.com
485,Alan,NULL,Jones,5022 Pleasant Fawn Loop,NULL,24501,(434) 348-4457,(434) 574-8884,Alan.Jones@gmail.com
486,Kathryn,NULL,Young,7695 Fallen Elk Concession,NULL,24562,(434) 795-5742,(434) 885-6586,Kathryn.Young@gmail.com
487,Bonnie,NULL,Bennett,8524 Golden Creek Manor,NULL,24551,(434) 556-1947,(434) 556-9559,Bonnie.Bennett@gmail.com
488,Chris,NULL,Hughes,1904 Shady Rabbit Key,NULL,24550,(540) 457-3146,NULL,Chris.Hughes@gmail.com
489,Angela,NULL,Davis,8503 High Zephyr Crest,NULL,24503,(434) 111-8653,NULL,NULL
490,Henry,NULL,Anderson,6802 Foggy Grove Parade,NULL,78229,(434) 891-7774,(434) 114-2232,Henry.Anderson@gmail.com
491,Edward,NULL,Perez,7647 Red Grove,NULL,24561,(540) 637-5351,NULL,Edward.Perez@gmail.com
492,Roy,NULL,Martinez,323 Tawny River Woods,NULL,24550,(540) 415-1469,(540) 613-6382,Roy.Martinez@gmail.com
493,Jacqueline,NULL,Roberts,7565 Thunder Glade,NULL,24502,(434) 811-4126,NULL,Jacqueline.Roberts@gmail.com
494,Denise,NULL,Gonzales,3852 Sunny Highway,NULL,24501,(434) 846-1896,(434) 238-6445,Denise.Gonzales@gmail.com
495,Benjamin,NULL,Wood,6131 Merry Valley,NULL,24562,(434) 563-2747,NULL,NULL
496,Scott,NULL,Collins,9924 Burning Cloud Townline,NULL,24561,(540) 317-7857,(540) 858-8539,Scott.Collins@gmail.com
497,Carl,NULL,James,4274 Rustic Lagoon Campus,NULL,24562,(434) 158-2831,NULL,Carl.James@gmail.com
498,Jessica,NULL,Moore,3118 Broad Wagon Jetty,NULL,24503,(434) 994-6577,(434) 322-9472,Jessica.Moore@gmail.com
499,Peter,NULL,Stewart,7737 Dewy Horse Crescent,NULL,24502,(434) 824-4649,NULL,Peter.Stewart@gmail.com
500,Helen,NULL,Miller,6694 Wishing Dell,NULL,24501,(434) 439-7326,(434) 843-1922,Helen.Miller@gmail.com
501,Ryan,NULL,Hernandez,4508 Cozy Bend,NULL,24561,(540) 136-3698,NULL,NULL
502,Earl,NULL,Peterson,8962 Emerald Butterfly Pointe,NULL,24550,(540) 989-1665,(540) 269-8253,Earl.Peterson@gmail.com
503,Jason,NULL,Ross,8425 Quiet Hills Cape,NULL,24502,(434) 795-2694,(434) 174-8192,Jason.Ross@gmail.com
504,Shawn,NULL,Torres,6256 Amber Swale,NULL,24501,(434) 843-2176,NULL,Shawn.Torres@gmail.com
505,Kenneth,NULL,Butler,9953 Stony Leaf Road,P.O. Box 532,24562,(434) 384-6148,(434) 616-6189,Kenneth.Butler@gmail.com
506,Diane,NULL,Williams,2017 Bright Pioneer Path,NULL,24561,(540) 674-9899,(540) 894-8365,Diane.Williams@gmail.com
507,Raymond,NULL,Cooper,2599 Lazy Byway,NULL,24562,(434) 354-1847,NULL,NULL
508,Matthew,NULL,Phillips,274 Crystal Farm,NULL,24503,(434) 456-7332,(434) 783-9211,Matthew.Phillips@gmail.com
509,Willie,NULL,Flores,9460 Round Trace,NULL,24502,(434) 941-5336,(434) 819-9685,Willie.Flores@gmail.com
510,Emily,NULL,Turner,956 Hazy Falls,NULL,24501,(434) 955-5261,(434) 532-2733,Emily.Turner@gmail.com
511,Rebecca,NULL,Parker,7829 Clear Nectar View,NULL,24502,(434) 212-8146,NULL,NULL
512,Mary,NULL,Rivera,1996 Cotton Walk,NULL,24501,(434) 892-3389,(434) 331-4199,Mary.Rivera@gmail.com
513,Christopher,NULL,Patterson,3154 Green Inlet,NULL,24562,(434) 488-8277,(434) 247-8799,Christopher.Patterson@gmail.com
514,John,NULL,Cook,7558 Old Sky Farms,NULL,24551,(434) 435-5644,NULL,John.Cook@gmail.com
515,Bruce,NULL,Carter,9934 Indian Embers Promenade,NULL,24550,(540) 995-6772,NULL,Bruce.Carter@gmail.com
516,Harold,NULL,Bryant,3652 Dusty Island Link,NULL,24503,(434) 458-2861,NULL,NULL
517,Diana,NULL,Howard,8640 Cinder Deer Drive,NULL,24502,(434) 582-9475,NULL,Diana.Howard@gmail.com
518,Marilyn,NULL,Allen,7474 Sleepy Oak Estates,NULL,24501,(434) 766-1938,(434) 854-9438,Marilyn.Allen@gmail.com
519,Joan,NULL,Thomas,3480 Heather By-pass,NULL,24502,(434) 773-5139,(434) 791-6832,NULL
520,Lori,NULL,Gray,3993 Quaking Beacon End,NULL,24501,(434) 976-5271,(434) 668-6383,Lori.Gray@gmail.com
521,Cynthia,NULL,Price,6790 Middle Anchor Circle,NULL,24562,(434) 317-3269,(434) 269-5442,Cynthia.Price@gmail.com
522,Walter,NULL,Brown,1035 Iron Cove,Apt. 30,24551,(434) 536-2682,NULL,Walter.Brown@gmail.com
523,Cheryl,NULL,Foster,8348 Blue Extension,NULL,24550,(540) 486-8446,(540) 296-2432,Cheryl.Foster@gmail.com
524,Jesse,NULL,Washington,9551 Honey Mountain Green,NULL,24503,(434) 867-7425,NULL,Jesse.Washington@gmail.com
