PhysicianID,FirstName,LastName,PracticeID,SpecialtyID,Email
1,Betty,Pletke,15,3,BPletke@gmail.com
2,Jim,Richards,20,14,JRichards@gmail.com
3,Blake,Collins,4,9,BCollins@gmail.com
4,David,Andrews,22,5,DAndrews@gmail.com
5,Bonnie,Jones,18,19,BJones@gmail.com
6,Earl,McDonald,24,6,EMcDonald@gmail.com
7,James,Kenan,12,31,JKenan@gmail.com
8,Clifton,Jameson,12,8,CJameson@gmail.com
9,Gregory,Johnson,4,19,GJohnson@gmail.com
10,Ray,Jeffries,4,11,RJeffries@gmail.com
11,Jonas,Allen,19,4,JAllen@gmail.com
12,Paul,Boman,2,13,PBoman@gmail.com
13,Kate,Cantrell,11,12,KCantrell@gmail.com
14,John,Roarke,1,24,JRoarke@gmail.com
15,Gary,Smith,16,24,GSmith@gmail.com
16,Henry,Gray,25,15,HGray@gmail.com
17,Linda,Gupta,23,20,LGupta@gmail.com
18,April,Hall,21,1,AHall@gmail.com
19,Larry,Harrison,12,19,LHarrison@gmail.com
20,Laurice,Henning,14,5,LHenning@gmail.com
21,Lisa,Hsu,6,1,LHsu@gmail.com
22,James,Ito,22,21,JIto@gmail.com
23,Keith,Jacobsen,5,21,KJacobsen@gmail.com
24,Andy,Kamath,14,25,AKamath@gmail.com
25,Walter,Jess,10,17,WJess@gmail.com
26,Oliver,Kay,7,28,OKay@gmail.com
27,Karen,Kantola,21,1,KKantola@gmail.com
28,Samuel,Johnson,23,23,SJohnson@gmail.com
29,Angela,Melton,6,1,AMelton@gmail.com
30,Jonathan,Mohan,4,26,JMohan@gmail.com
31,Debra,Moss,1,31,DMoss@gmail.com
32,James,Neumann,1,31,JNeumann@gmail.com
33,Donna,Lacroix,8,1,DLacroix@gmail.com
34,Jerry,Larson,15,13,JLarson@gmail.com
35,Daniel,Lynch,23,16,DLynch@gmail.com
36,Barbara,Merritt,24,14,BMerritt@gmail.com
37,Charles,Weihl,22,21,CWeihl@gmail.com
38,Everette,Knuth,15,23,EKnuth@gmail.com
39,Joanna,Kifer,6,1,JKifer@gmail.com
40,Wendy,Keller,14,25,WKeller@gmail.com
41,Patrick,O'Neil,6,1,PO'Neil@gmail.com
42,Deven,Ozsu,1,23,DOzsu@gmail.com
43,David,Paton,7,23,DPaton@gmail.com
44,Robert,Peterson,23,31,RPeterson@gmail.com
45,Scott,Pressman,14,3,SPressman@gmail.com
46,Martin,Ramsey,17,18,MRamsey@gmail.com
47,Susan,Quinlan,14,18,SQuinlan@gmail.com
48,Owen,Rivest,6,1,ORivest@gmail.com
49,Paul,Robie,14,18,PRobie@gmail.com
50,John,Rosenberry,13,13,JRosenberry@gmail.com
51,Preston,Roth,4,19,PRoth@gmail.com
52,Anthony,Ross,6,1,ARoss@gmail.com
53,Kimberly,Savnik,15,23,KSavnik@gmail.com
54,Erin,Schek,23,14,ESchek@gmail.com
55,Michael,Sciore,3,13,MSciore@gmail.com
56,Raymond,Reese,7,23,RReese@gmail.com
57,Steven,Stallman,6,1,SStallman@gmail.com
58,Rachel,Hendricks,26,2,RHendricks@gmail.com
59,Andrea,Allen,11,12,AAndrea@gmail.com
60,Alan,Brown,1,24,BAlan@gmail.com
61,Gloria,Bailey,16,24,BGloria@gmail.com
62,Timothy,Wilson,25,15,WTimothy@gmail.com
63,Benjamin,Coleman,23,20,CBenjamin@gmail.com
64,Rachel,Washington,21,1,WRachel@gmail.com
65,David,Simmons,12,19,SDavid@gmail.com
66,Kathy,Thomas,14,5,TKathy@gmail.com
67,Shirley,Price,6,1,PShirley@gmail.com
68,Howard,Parker,22,21,PHoward@gmail.com
69,Nancy,White,5,21,WNancy@gmail.com
70,Elizabeth,Kelly,14,25,KElizabeth@gmail.com
71,Edward,Martinez,10,17,MEdward@gmail.com
72,Albert,Flores,7,21,FAlbert@gmail.com
73,Eric,Ward,21,1,WEric@gmail.com
74,Barbara,Ross,23,23,RBarbara@gmail.com
75,Brian,Ramirez,6,1,RBrian@gmail.com
76,Laura,Russell,4,26,RLaura@gmail.com
77,Joyce,Martin,1,31,MJoyce@gmail.com
78,Matthew,Torres,1,31,TMatthew@gmail.com
79,Marie,Griffin,1,1,GMarie@gmail.com
80,Anne,Carter,15,13,CAnne@gmail.com
81,Julia,Phillips,23,16,PJulia@gmail.com
82,Rebecca,Powell,24,14,PRebecca@gmail.com
83,Chris,Walker,22,21,WChris@gmail.com
84,Eugene,Miller,15,23,MEugene@gmail.com
85,Harold,Anderson,6,1,AHarold@gmail.com
86,Andrew,Richardson,14,25,RAndrew@gmail.com
87,Ashley,Sanders,6,1,SAshley@gmail.com
88,Wanda,Morgan,1,23,MWanda@gmail.com
89,Daniel,Alexander,7,23,ADaniel@gmail.com
90,Peter,Moore,23,31,MPeter@gmail.com
91,Theresa,Rogers,14,3,RTheresa@gmail.com
92,Larry,Cook,14,18,CLarry@gmail.com
93,Jack,Lee,14,30,LJack@gmail.com
94,Cynthia,Rodriguez,6,1,RCynthia@gmail.com
95,Ryan,Hall,14,18,HRyan@gmail.com
96,Lois,Watson,4,13,WLois@gmail.com
97,Douglas,Morris,4,19,MDouglas@gmail.com
98,Ann,Garcia,6,1,GAnn@gmail.com
99,Lori,Hill,15,23,HLori@gmail.com
100,Arthur,Clark,23,14,CArthur@gmail.com
101,Jeffrey,Gray,3,13,GJeffrey@gmail.com
102,Dennis,Wright,7,23,WDennis@gmail.com
103,Jose,Smith,6,1,SJose@gmail.com
104,William,Taylor,26,2,TWilliam@gmail.com
105,Walter,Brooks,20,14,BWalter@gmail.com
106,Bruce,Turner,4,9,TBruce@gmail.com
107,Philip,Reed,22,5,RPhilip@gmail.com
108,Gary,Davis,18,19,DGary@gmail.com
109,Gregory,Lewis,24,6,LGregory@gmail.com
110,Stephen,Mitchell,12,31,MStephen@gmail.com
111,Justin,King,12,8,KJustin@gmail.com
112,Martin,Gonzalez,4,19,GMartin@gmail.com
113,Samuel,Perry,19,11,PSamuel@gmail.com
114,Dorothy,Diaz,19,4,DDorothy@gmail.com
115,Alice,Patterson,2,13,PAlice@gmail.com
116,Pamela,Harris,11,12,HPamela@gmail.com
117,Jessica,Bell,1,24,BJessica@gmail.com
118,Christina,Henderson,16,24,HChristina@gmail.com
119,Brandon,Jones,25,15,JBrandon@gmail.com
120,Richard,Howard,23,20,HRichard@gmail.com
121,Ruth,Robinson,21,1,RRuth@gmail.com
122,Amy,Evans,12,19,EAmy@gmail.com
123,Betty,Thompson,14,5,TBetty@gmail.com
124,Earl,Perez,6,1,PEarl@gmail.com
125,Melissa,Stewart,22,21,SMelissa@gmail.com
126,Katherine,Peterson,20,14,PKatherine@gmail.com
127,Diana,Johnson,4,9,JDiana@gmail.com
128,Carol,Bennett,22,5,BCarol@gmail.com
129,Willie,Hernandez,18,19,HWillie@gmail.com
130,Bonnie,Roberts,24,6,RBonnie@gmail.com
131,Frances,Jackson,12,31,JFrances@gmail.com
132,Terry,Edwards,7,8,ETerry@gmail.com
133,Bobby,Murphy,4,19,MBobby@gmail.com
134,Randy,Jenkins,4,11,JRandy@gmail.com
135,Janet,Lopez,19,4,LJanet@gmail.com
136,Todd,Collins,2,13,CTodd@gmail.com
137,Mark,Bryant,11,12,BMark@gmail.com
138,Joe,James,1,24,JJoe@gmail.com
139,Phillip,Barnes,16,24,BPhillip@gmail.com
140,Scott,Foster,25,15,FScott@gmail.com
141,Ronald,Scott,23,20,SRonald@gmail.com
142,Keith,Baker,21,1,BKeith@gmail.com
143,Teresa,Gonzales,12,19,GTeresa@gmail.com
144,Sara,Sanchez,14,5,SSara@gmail.com
145,Roger,Cooper,6,1,CRoger@gmail.com
146,Mildred,Long,22,21,LMildred@gmail.com
147,Marilyn,Butler,11,12,BMarilyn@gmail.com
148,Janice,Green,1,24,GJanice@gmail.com
149,Craig,Cox,16,24,CCraig@gmail.com
150,Michael,Adams,25,15,AMichael@gmail.com
151,Joan,Williams,23,20,WJoan@gmail.com
152,Irene,Young,21,1,YIrene@gmail.com
153,Rose,Hughes,12,19,HRose@gmail.com
154,Donna,Nelson,14,5,NDonna@gmail.com
155,John,Wood,6,1,WJohn@gmail.com
156,Linda,Campbell,22,21,CLinda@gmail.com
157,Catherine,Rivera,5,21,RCatherine@gmail.com
158,Lillian,Pochick,14,25,PLillian@gmail.com
